SNP	Chromosome	Position	Pvalue	-log10(Pvalue)	REF	ALT	Effect	SE
Chr01:6746309	1	6746309	2.74031010785e-15	14.562200	A	G	42.2192899292287	5.98738669117839
Chr02:3188505	2	3188505	8.79714674634e-20	19.055658	C	T	8.27800638884299	0.98614703391096
Chr02:5011961	2	5011961	1.10821653173e-09	8.955375	T	C	6.12069652913498	1.11569589696583
Chr02:15744490	2	15744490	8.73711030234e-12	11.058632	G	A	-4.16963261636848	0.6981114421884
Chr02:23313027	2	23313027	6.91578721025e-11	10.160158	T	C	-2.22369681642643	0.404824709877463
Chr03:4752208	3	4752208	3.40745112187e-10	9.467570	C	A	4.48623944736157	0.79927650087094
Chr03:33924577	3	33924577	7.64162468718e-11	10.116814	A	T	-3.05202396759629	0.5230471369148
Chr04:2197211	4	2197211	2.72708857829e-13	12.564301	G	A	-4.56346720944877	0.685373400917544
Chr04:11808963	4	11808963	1.36005144543e-11	10.866445	C	T	2.84417426987476	0.503198255375493
Chr04:33160762	4	33160762	3.91190608829e-09	8.407612	G	A	-7.34141770460423	1.35681035003711
Chr05:9582142	5	9582142	4.33158646304e-12	11.363353	A	G	-26.8617765209849	4.29466641911077
Chr05:21337298	5	21337298	4.17674257175e-11	10.379162	C	T	-2.70815068007597	0.474175810593981
Chr06:8359017	6	8359017	4.91373627304e-37	36.308588	G	A	3.67152143567018	0.294491530641035
Chr06:11006834	6	11006834	5.9928636874e-29	28.222366	C	T	-2.99957165699018	0.27409436612345
Chr08:14733097	8	14733097	3.6841348e-12	11.433664	A	G	2.27825617655078	0.379867500005478
Chr08:15226152	8	15226152	3.28377219441e-20	19.483627	C	A	2.94581820162699	0.340002763902765
Chr09:16271846	9	16271846	7.24851811859e-19	18.139751	C	T	2.26280746345735	0.274005984043215
Chr11:28332728	11	28332728	3.51117539388e-11	10.454547	A	C	-3.24050731000619	0.56513523740469
Chr12:4935032	12	4935032	9.99094418159e-10	9.000393	A	G	2.03279183078691	0.416859988457371
Chr12:26485659	12	26485659	3.34508968462e-19	18.475592	T	C	3.21174147634577	0.373238087764949
